{
	"IcoMoonType": "selection",
	"icons": [
		{
			"icon": {
				"paths": [
					"M491.52 450.56h61.44v450.56h-61.44v-450.56z",
					"M143.36 204.8h737.28v348.16h-737.28v-348.16z",
					"M184.32 245.76h655.36v266.24h-655.36v-266.24z",
					"M143.36 593.92h737.28v20.48h-737.28v-20.48z",
					"M286.72 512h20.48v81.92h-20.48v-81.92z",
					"M716.8 512h20.48v81.92h-20.48v-81.92z",
					"M245.76 143.36h81.92v40.96h-81.92v-40.96z",
					"M471.040 143.36h81.92v40.96h-81.92v-40.96z",
					"M696.32 143.36h81.92v40.96h-81.92v-40.96z",
					"M274.78 163.84h22.18v40.96h-22.18v-40.96z",
					"M500.060 163.84h22.18v40.96h-22.18v-40.96z",
					"M725.32 163.84h22.2v40.96h-22.2v-40.96z"
				],
				"attrs": [
					{
						"fill": "rgb(0, 0, 0)"
					},
					{
						"fill": "rgb(0, 0, 0)"
					},
					{
						"fill": "rgb(255, 255, 255)"
					},
					{
						"fill": "rgb(0, 0, 0)"
					},
					{
						"fill": "rgb(0, 0, 0)"
					},
					{
						"fill": "rgb(0, 0, 0)"
					},
					{
						"fill": "rgb(0, 0, 0)"
					},
					{
						"fill": "rgb(0, 0, 0)"
					},
					{
						"fill": "rgb(0, 0, 0)"
					},
					{
						"fill": "rgb(0, 0, 0)"
					},
					{
						"fill": "rgb(0, 0, 0)"
					},
					{
						"fill": "rgb(0, 0, 0)"
					}
				],
				"isMulticolor": true,
				"grid": 0,
				"tags": [
					"billboard_icon"
				],
				"colorPermutations": {
					"12552552551310281": [
						0,
						0,
						2,
						0,
						0,
						0,
						0,
						0,
						0,
						0,
						0,
						0
					]
				}
			},
			"attrs": [
				{
					"fill": "rgb(0, 0, 0)"
				},
				{
					"fill": "rgb(0, 0, 0)"
				},
				{
					"fill": "rgb(255, 255, 255)"
				},
				{
					"fill": "rgb(0, 0, 0)"
				},
				{
					"fill": "rgb(0, 0, 0)"
				},
				{
					"fill": "rgb(0, 0, 0)"
				},
				{
					"fill": "rgb(0, 0, 0)"
				},
				{
					"fill": "rgb(0, 0, 0)"
				},
				{
					"fill": "rgb(0, 0, 0)"
				},
				{
					"fill": "rgb(0, 0, 0)"
				},
				{
					"fill": "rgb(0, 0, 0)"
				},
				{
					"fill": "rgb(0, 0, 0)"
				}
			],
			"properties": {
				"order": 6,
				"id": 3,
				"prevSize": 32,
				"code": 59648,
				"codes": [
					59648,
					59649,
					59650,
					59651,
					59652,
					59653,
					59654,
					59655,
					59656,
					59657,
					59658,
					59659
				],
				"name": "billboard_icon"
			},
			"setIdx": 0,
			"setId": 2,
			"iconIdx": 0
		},
		{
			"icon": {
				"paths": [
					"M286.72 286.72h40.96v614.4h-40.96v-614.4z",
					"M742.42 286.72c0 0 6.164-150.528-240.64-163.84 0 0-224.256 7.168-235.52 163.84h476.16z",
					"M348.16 327.68h368.64v491.52h-368.64v-491.52z",
					"M368.64 348.16h327.68v450.56h-327.68v-450.56z",
					"M409.6 798.72h245.76v102.4h-245.76v-102.4z"
				],
				"attrs": [
					{
						"fill": "rgb(3, 10, 28)"
					},
					{
						"fill": "rgb(3, 10, 28)"
					},
					{
						"fill": "rgb(3, 10, 28)"
					},
					{
						"fill": "rgb(255, 255, 255)"
					},
					{
						"fill": "rgb(3, 10, 28)"
					}
				],
				"isMulticolor": true,
				"grid": 0,
				"tags": [
					"bus_shelter"
				],
				"colorPermutations": {
					"12552552551310281": [
						1,
						1,
						1,
						2,
						1
					]
				}
			},
			"attrs": [
				{
					"fill": "rgb(3, 10, 28)"
				},
				{
					"fill": "rgb(3, 10, 28)"
				},
				{
					"fill": "rgb(3, 10, 28)"
				},
				{
					"fill": "rgb(255, 255, 255)"
				},
				{
					"fill": "rgb(3, 10, 28)"
				}
			],
			"properties": {
				"order": 3,
				"id": 2,
				"prevSize": 32,
				"code": 59660,
				"codes": [
					59660,
					59661,
					59662,
					59663,
					59664
				],
				"name": "bus_shelter"
			},
			"setIdx": 0,
			"setId": 2,
			"iconIdx": 1
		},
		{
			"icon": {
				"paths": [
					"M204.8 204.8h614.4v286.72h-614.4v-286.72z",
					"M61.44 204.8h40.96v614.4h-40.96v-614.4z",
					"M901.12 204.8h40.96v614.4h-40.96v-614.4z",
					"M81.92 266.24h143.36v40.96h-143.36v-40.96z",
					"M778.24 266.24h143.36v40.96h-143.36v-40.96z",
					"M81.92 389.12h143.36v40.96h-143.36v-40.96z",
					"M798.72 389.12h143.36v40.96h-143.36v-40.96z",
					"M225.28 225.28h573.44v245.76h-573.44v-245.76z"
				],
				"attrs": [
					{
						"fill": "rgb(0, 0, 0)"
					},
					{
						"fill": "rgb(0, 0, 0)"
					},
					{
						"fill": "rgb(0, 0, 0)"
					},
					{
						"fill": "rgb(0, 0, 0)"
					},
					{
						"fill": "rgb(0, 0, 0)"
					},
					{
						"fill": "rgb(0, 0, 0)"
					},
					{
						"fill": "rgb(0, 0, 0)"
					},
					{
						"fill": "rgb(255, 255, 255)"
					}
				],
				"isMulticolor": true,
				"grid": 0,
				"tags": [
					"gantry"
				],
				"colorPermutations": {
					"12552552551310281": [
						0,
						0,
						0,
						0,
						0,
						0,
						0,
						2
					]
				}
			},
			"attrs": [
				{
					"fill": "rgb(0, 0, 0)"
				},
				{
					"fill": "rgb(0, 0, 0)"
				},
				{
					"fill": "rgb(0, 0, 0)"
				},
				{
					"fill": "rgb(0, 0, 0)"
				},
				{
					"fill": "rgb(0, 0, 0)"
				},
				{
					"fill": "rgb(0, 0, 0)"
				},
				{
					"fill": "rgb(0, 0, 0)"
				},
				{
					"fill": "rgb(255, 255, 255)"
				}
			],
			"properties": {
				"order": 4,
				"id": 1,
				"prevSize": 32,
				"code": 59665,
				"codes": [
					59665,
					59666,
					59667,
					59668,
					59669,
					59670,
					59671,
					59672
				],
				"name": "gantry"
			},
			"setIdx": 0,
			"setId": 2,
			"iconIdx": 2
		},
		{
			"icon": {
				"paths": [
					"M655.36 372.818c0 29.757-19.845 57.262-47.063 57.262h-197.079c-27.218 0-42.578-27.505-42.578-57.262v-183.624c0-29.757 15.36-45.834 42.578-45.834h197.079c27.218 0 47.063 16.077 47.063 45.834v183.624z",
					"M471.040 184.32h81.92v184.32h-81.92v-184.32z",
					"M430.080 245.76h163.84v81.92h-163.84v-81.92z",
					"M348.16 292.516l-106.68 2.56c0 0-57.16 25.6-57.16 69.632v474.972h266.24v-183.808l122.88-0.737v184.545h266.24v-483.922c0 0-9.81-63.242-54.6-63.242l-99.205-0.348-0.655-46.408h97.772c0 0 97.649 7.721 97.649 109.261v529.306l-737.28 0.758v-542.761c0 0 11.796-76.083 99.881-96.563h104.919v46.756z",
					"M286.72 512h102.4v102.4h-102.4v-102.4z",
					"M450.56 512h122.88v102.4h-122.88v-102.4z",
					"M634.88 512h102.4v102.4h-102.4v-102.4z",
					"M634.88 655.36h102.4v81.92h-102.4v-81.92z",
					"M286.72 655.36h102.4v81.92h-102.4v-81.92z"
				],
				"attrs": [
					{
						"fill": "rgb(0, 0, 0)"
					},
					{
						"fill": "rgb(255, 255, 255)"
					},
					{
						"fill": "rgb(255, 255, 255)"
					},
					{
						"fill": "rgb(0, 0, 0)"
					},
					{
						"fill": "rgb(0, 0, 0)"
					},
					{
						"fill": "rgb(0, 0, 0)"
					},
					{
						"fill": "rgb(0, 0, 0)"
					},
					{
						"fill": "rgb(0, 0, 0)"
					},
					{
						"fill": "rgb(0, 0, 0)"
					}
				],
				"isMulticolor": true,
				"grid": 0,
				"tags": [
					"hospital"
				],
				"colorPermutations": {
					"12552552551310281": [
						0,
						2,
						2,
						0,
						0,
						0,
						0,
						0,
						0
					]
				}
			},
			"attrs": [
				{
					"fill": "rgb(0, 0, 0)"
				},
				{
					"fill": "rgb(255, 255, 255)"
				},
				{
					"fill": "rgb(255, 255, 255)"
				},
				{
					"fill": "rgb(0, 0, 0)"
				},
				{
					"fill": "rgb(0, 0, 0)"
				},
				{
					"fill": "rgb(0, 0, 0)"
				},
				{
					"fill": "rgb(0, 0, 0)"
				},
				{
					"fill": "rgb(0, 0, 0)"
				},
				{
					"fill": "rgb(0, 0, 0)"
				}
			],
			"properties": {
				"order": 5,
				"id": 0,
				"prevSize": 32,
				"code": 59673,
				"codes": [
					59673,
					59674,
					59675,
					59676,
					59677,
					59678,
					59679,
					59680,
					59681
				],
				"name": "hospital"
			},
			"setIdx": 0,
			"setId": 2,
			"iconIdx": 3
		}
	],
	"height": 1024,
	"metadata": {
		"name": "icomoon"
	},
	"preferences": {
		"showGlyphs": true,
		"showQuickUse": true,
		"showQuickUse2": true,
		"showSVGs": true,
		"fontPref": {
			"prefix": "icon-",
			"metadata": {
				"fontFamily": "icomoon"
			},
			"metrics": {
				"emSize": 1024,
				"baseline": 6.25,
				"whitespace": 50
			},
			"embed": false
		},
		"imagePref": {
			"prefix": "icon-",
			"png": true,
			"useClassSelector": true,
			"color": 0,
			"bgColor": 16777215,
			"classSelector": ".icon"
		},
		"historySize": 100,
		"showCodes": true,
		"gridSize": 16
	}
}